Nomi,Narxi ($),Tavsifi,Rasm
311317289.0,,DS iDS-2CD7A26G0-IZHS(2.8-12mm)(C)(O-STD),
311317283.0,,DS iDS-2CD7A46G0-IZHSY(2.8-12mm)(C)(O-STD),
300903304.0,,DS iDS-TCM203-A/R/2812(850nm)(B)(Хиквижн),
322100244.0,,DS ISD-SMG318 Арочный металлодетектор,
302600066.0,,DS-1005KI(O-STD),
,,DS-1100KI(B),
,,DS-1200KI,
,,DS-1600KI(B),
,,DS-1604ZJ-BOX-CORNER,
311315990.0,,DS-2CD1023G0E-I(2.8mm)(C)(O-STD),
311315994.0,,DS-2CD1023G0-IUF(2.8mm)(C)(O-STD),
,,DS-2CD1023G2-LIDUF/4G/SL 2.8MM,
,,DS-2CD1023G2-LIU 2.8MM,
,,DS-2CD1027G2H-LIU 2.8MM,
311320796.0,,"DS-2CD1027G2-L 2,8MM",
,,DS-2CD1027G2-LUF 2.8MM,
311320661.0,,"DS-2CD1043G2-I 2,8MM",
,,DS-2CD1043G2-IUF 2.8mm,
,,DS-2CD1043G2-LIDUF/4G/SL 2.8MM,
,,DS-2CD1043G2-LIU 2.8MM,
,,DS-2CD1047G2H-LIU 2.8MM,
,,DS-2CD1047G2H-LIUF 2.8MM,
,,DS-2CD1047G2H-LIUF/SRB(2.8mm)(O-STD),
311320800.0,,"DS-2CD1047G2-L 2,8MM",
,,DS-2CD1047G2-LUF 2.8MM,
,,DS-2CD1047G3H-LIU,
311317399.0,,DS-2CD1053G0-I(2.8mm)(C)(O-STD),
,,DS-2CD1063G2-LIU 2.8MM,
311317914.0,,DS-2CD1083G0-I(2.8mm)(C)(O-STD),
,,DS-2CD1083G2-LIU 2.8MM,
,,DS-2CD1083G2-LIUF 2.8MM,
311315934.0,,DS-2CD1123G0E-I(2.8mm)(C)(O-STD),
,,DS-2CD1123G2-LIU 2.8MM,
311320709.0,,"DS-2CD1143G2-I 2,8MM",
311320709.0,,"DS-2CD1143G2-I 2,8MM",
,,DS-2CD1143G2-IUF 2.8mm,
,,DS-2CD1143G2-LIU 2.8MM,
,,DS-2CD1147G2-LUF 2.8MM,
311303659.0,,DS-2CD1153G0-I(2.8mm)(O-STD),
311316015.0,,DS-2CD1323G0E-I(2.8mm)(C)(O-STD),
311316011.0,,DS-2CD1323G0-IUF(2.8mm)(C)(O-STD),
,,DS-2CD1323G2-LIU 2.8MM,
311316792.0,,DS-2CD1327G0-L(2.8mm)(C)(O-STD),
311320738.0,,"DS-2CD1343G2-I 2,8MM",
,,DS-2CD1343G2-IUF 2.8mm,
,,DS-2CD1343G2-LIU 2.8MM,
311316796.0,,DS-2CD1347G0-L(2.8mm)(C)(O-STD),
311317761.0,,DS-2CD1383G0-I 2.8MM C,
,,DS-2CD1643G2-IZ 2.8-12mm,
311304044.0,,DS-2CD1653G0-IZ(2.8-12mm)(O-STD),
,,DS-2CD1T67G2HP-LIUF/SRB(2.8mm)(O-STD),
311310905.0,,DS-2CD2027G1-L(2.8mm)(O-STD),
,,DS-2CD2027G2-L 2.8MM C,
311313535.0,,DS-2CD2043G2-I(2.8mm)(O-STD),
311313535.0,,DS-2CD2043G2-IU 2.8mm,
,,DS-2CD2043G2-LI 2.8MM,
,,DS-2CD2043G2-LI2U 2.8MM,
,,DS-2CD2043G2-LI2U BLACK 2.8MM,
,,DS-2CD2047G2H-LIU 2.8MM EF,
311314429.0,,DS-2CD2047G2-L(2.8mm)(C)(O-STD),
311307392.0,,DS-2CD2047G2-LU(2.8mm)(C)(O-STD),
311315161.0,,DS-2CD2047G2-LU/SL 2.8MM C,
,,DS-2CD2047G3-LI2UY/SRB(2.8mm)(O-STD),
311316027.0,,DS-2CD2063G2-I(2.8mm)(O-STD),
,,DS-2CD2063G2-LI 2.8MM,
,,DS-2CD2063G2-LI2U BLACK 2.8MM,
311316039.0,,DS-2CD2083G2-I(2.8mm)(O-STD),
,,DS-2CD2083G2-IU 2.8MM,
,,DS-2CD2083G2-LI 2.8MM,
,,DS-2CD2083G2-LI2U 2.8MM,
,,DS-2CD2083G2-LI2U/SRB(2.8mm)(O-STD),
311304813.0,,DS-2CD2085G1-I(2.8mm)(O-STD),
,,DS-2CD2087G2H-LIU 2.8MM EF,
,,DS-2CD2087G2-L 2.8mm C,
311317297.0,,"DS-2CD2087G2-LU 2,8mm C",
311313649.0,,DS-2CD2143G2-I(2.8mm)(O-STD),
,,DS-2CD2143G2-IS 2.8mm,
,,DS-2CD2143G2-IU BLACK 2.8MM,
311313653.0,,DS-2CD2143G2-IU(2.8mm)(O-STD),
,,DS-2CD2143G2-LI 2.8mm,
,,DS-2CD2143G2-LIS2U 2.8MM,
,,DS-2CD2147G2-LSU 2.8MM C,
311315946.0,,DS-2CD2163G2-I(2.8mm)(O-STD),
311315958.0,,DS-2CD2183G2-I(2.8mm)(O-STD),
311315966.0,,DS-2CD2183G2-IU(2.8mm)(O-STD),
,,DS-2CD2183G2-LI 2.8MM,
,,DS-2CD2183G2-LIS2U 2.8MM,
311309711.0,,DS-2CD2345G0P-I(1.68mm)(O-STD),
,,DS-2CD2346G2P-ISU/SL 2.8MM C,
311315181.0,,DS-2CD2347G2-L(2.8mm)(C),
311315187.0,,DS-2CD2347G2-LU(2.8mm)(C)(O-STD),
311317482.0,,"DS-2CD2387G2-LU 2,8mm C",
,,DS-2CD2387G2P-LSU/SL 4MM C,
,,DS-2CD2387G3-LI2UY(2.8mm)(O-STD),
311316166.0,,DS-2CD2421G0-I(2.8mm)(C)(O-STD),
,,DS-2CD2421G0-IW 2.8mm W,
,,DS-2CD2423G2-IW 2.8MM W,
311319977.0,,"DS-2CD2443G0E-I(C) 2,8mm",
,,DS-2CD2443G0-IW 2.8MM W,
311316104.0,,DS-2CD2443G2-I(2.8mm)(O-STD),
,,DS-2CD2443G2-IW 2.8MM W,
311302820.0,,DS-2CD2463G2-I(2.8mm)(O-STD),
,,DS-2CD2483G2-I 2.8mm,
311303257.0,,DS-2CD2543G0-I(2.8mm)(O-STD),
311318089.0,,DS-2CD2543G2-I(2.8mm),
,,"DS-2CD2543G2-IS 2,8mm",
311318008.0,,DS-2CD2566G2-I(2.8mm)(C)(O-STD),
311312061.0,,DS-2CD2643G2-IZS(2.8-12mm)(O-STD),
,,DS-2CD2643G2-LIZS2U 2.8-12MM,
311306644.0,,DS-2CD2663G1-IZ(2.8-12mm)(O-STD),
311316090.0,,DS-2CD2663G2-IZS 2.8-12MM,
,,DS-2CD2683G2-IZS 2.8-12MM,
311304030.0,,DS-2CD2685G0-IZS(2.8-12mm)(O-STD),
311315508.0,,DS-2CD2686G2-IZS(2.8-12mm)(C)(O-STD),
,,DS-2CD2746G2-IZS,
,,DS-2CD2783G2-IZS(2.8-12mm)(O-STD),
311318326.0,,DS-2CD2D25G1-D/NF(2.8mm)(O-STD),
311318328.0,,DS-2CD2D25G1-D/NF(3.7mm)(O-STD),
311313638.0,,DS-2CD2T43G2-2I(4mm)(O-STD),
,,DS-2CD2T43G2-4I 2.8mm,
311308434.0,,DS-2CD2T45G0P-I(1.68mm)(O-STD),
,,DS-2CD2T46G2-2I 2.8mm C,
,,DS-2CD2T46G2-4I 2.8MM C,
,,DS-2CD2T46G2P-ISU/SL 2.8MM C,
,,DS-2CD2T47G2-L 4MM,
311306593.0,,DS-2CD2T47G2-L(2.8mm)(C)(O-STD),
,,DS-2CD2T47G2-LSU/SL 4MM C,
311302067.0,,DS-2CD2T63G0-I5(4mm)(O-STD),
311302143.0,,DS-2CD2T63G2-2I 2.8MM,
,,DS-2CD2T63G2-2LI 2.8MM,
311315976.0,,DS-2CD2T63G2-4I(2.8mm)(O-STD),
311305661.0,,DS-2CD2T65G1-I8(2.8mm)(O-STD),
311302143.0,,DS-2CD2T83G0-I5(4mm)(O-STD),
311315431.0,,DS-2CD2T86G2-2I(2.8mm)(C),
311315432.0,,DS-2CD2T86G2-2I(4mm)(C)(O-STD),
311315434.0,,"DS-2CD2T86G2-4I 2,8MM",
,,DS-2CD2T87G2P-LSU/SL 4MM C,
,,DS-2CD3641G2-IZS(2.7-13.5mm)(O-STD),
,,DS-2CD3T86G2-4IS 2.8MM H,
311307447.0,,DS-2CD5AC5G0-IZHS(2.8-12mm)(B)(O-STD),
311318354.0,,DS-2CD6425G1-30(2.8mm)8m(O-STD),
300512606.0,,DS-2CE10DF0T-PF(2.8mm)(O-STD),
300512767.0,,DS-2CE10DF3T-PF(2.8mm)(O-STD),
300511606.0,,DS-2CE11H0T-PIRLP(2.8mm)(O-STD),
300512600.0,,DS-2CE12DF0T-F(2.8mm)(O-STD),
,,DS-2CE12DF3T-F 2.8MM,
300510161.0,,"DS-2CE12H0T-PIRLO 2,8mm",
300512639.0,,"DS-2CE16D0T-EXIPF 2,8mm",
300511985.0,,"DS-2CE16D0T-IRP 2,8mm",
300511741.0,,DS-2CE16D0T-ITPFS(2.8mm)(O-STD),
300509599.0,,DS-2CE16H0T-IT3F(6mm)(O-STD),
300512121.0,,DS-2CE16H0T-ITPF(2.8mm)(O-STD)(C),
300511757.0,,DS-2CE16H0T-ITPFS(2.8mm)(O-STD),
,,DS-2CE17D0T-IT1F 2.8MM C,
300614305.0,,DS-2CE72DF3T-F(2.8mm)(O-STD),
300613382.0,,DS-2CE72HFT-F(3.6mm)(O-STD),
300614205.0,,DS-2CE76D0T-EXIPF(2.8mm)(O-STD),
300613302.0,,DS-2CE76D0T-ITPFS(2.8mm)(O-STD),
300613619.0,,DS-2CE76H0T-ITPF(2.8mm)(O-STD)(C),
300613327.0,,"DS-2CE76H0T-ITPFS 2,8mm",
,,DS-2CV1023G2-LIDWF 2.8MM B,
,,DS-2CV1043G2-LIDWF 2.8mm B,
,,DS-2CV1F23G2-LIDWF 2.8mm B,
,,DS-2CV1F43G2-LIDWF 2.8mm B,
,,DS-2CV2021G2-IDW 2.8MM W,
311312917.0,,DS-2CV2041G2-IDW(2.8mm)(D)(O-STD)/FUS,
,,DS-2CV2121G2-IDW 2.8MM W,
,,DS-2CV2141G2-IDW 2.8MM W,
,,DS-2CV2Q21G1-IDW 4MM W,
327000210.0,,DS-2DE2A204IW-DE3(C0)(O-STD)(S6),
327000399.0,,DS-2DE2A404IW-DE3(C0)(O-STD)(S6)(C),
,,DS-2DE2C200IWG/W 2.8MM W,
,,DS-2DE2C200IWG-K/4G/C05S10 2.8MM,
,,DS-2DE2C200IWG-K/4G/C09S20 2.8MM,
,,DS-2DE2C200MWG/W 2.8MM,
,,DS-2DE2C200MWG-4G 2.8MM,
,,DS-2DE2C200MWG-E 2.8MM,
,,DS-2DE2C400IWG/W 2.8MM W,
,,DS-2DE2C400IWG-K/4G/C05S10 2.8MM,
,,DS-2DE2C400IWG-K/4G/C09S20 2.8MM,
,,DS-2DE2C400MW-DE F0 S7,
,,DS-2DE2C400MWG/W 4mm,
,,DS-2DE2C400MWG-4G 2.8MM,
,,DS-2DE2C400MWG-E 2.8mm,
327000470.0,,DS-2DE4215IW-DE(O-STD)(T5),
327000471.0,,DS-2DE4225IW-DE(O-STD)(T5),
327000239.0,,DS-2DE4415IW-DE(O-STD)(T5),
327000150.0,,DS-2DE4425IW-DE(O-STD)(S6),
301316586.0,,DS-2DE5225IW-AE(O-STD)(S5),
327000458.0,,DS-2DE5425IW-AE(O-STD)(T5),
327000852.0,,DS-2DE5432IWG-E,
301316580.0,,DS-2DE7432IW-AE(O-STD)(S5),
327000243.0,,DS-2DE7A432IW-AEB,
327000317.0,,DS-2DF8225IX-AEL(O-STD)(T5),
327000324.0,,DS-2DF8242IX-AELW(O-STD)(T5),
327000736.0,,DS-2DF8C435MHS-DELW,
327000616.0,,DS-2DF8C442IXG-ELW,
,,DS-2DF8C835MHS-DELW,
,,DS-2SE3C204MWG-E/12 2.8mm,
,,DS-2SE3C404MWG-E/14 2.8mm,
327000904.0,,DS-2SE4C215MWG-E 12F0,
327000906.0,,DS-2SE4C225MWG-E 12F0,
327000908.0,,DS-2SE4C415MWG-E 14F0,
327000910.0,,DS-2SE4C425MWG-E 14F0,
327000607.0,,DS-2SE7C432MW-AEB 14F1 P3,
,,DS-2SE7C432MWG-EB/26 F0,
,,DS-2SF8C442MXG1-ELW/26 F0,
327000616.0,,DS-2SF8C442MXS-DLW(24F0)(O-STD)(P3),
,,DS-2XS2T47G1-LDH/4G/C18S40 4MM,
301801291.0,,DS-3E0105P-E/M(B)(O-STD),
,,DS-3E0106MP-E/M,
301801385.0,,DS-3E0108D-E(O-STD),
301801293.0,,DS-3E0109P-E/M(B)(O-STD),
,,DS-3E0110MP-E/M,
301801346.0,,DS-3E0310HP-E(O-STD),
,,DS-3E0310P-E/M(B)(O-STD),
301801296.0,,DS-3E0318P-E/M(B)(O-STD),
,,DS-3E0326P-E/M(C),
,,DS-3E0505HP-E,
301801386.0,,DS-3E0508D-E(O-STD),
301801423.0,,DS-3E0510P-E/M,
301801516.0,,DS-3E0520HP-E,
,,DS-3E0526P-E,
,,DS-3E0528HP-E,
,,DS-3E1105P-EI/M,
,,DS-3E1106P-EI/M(O-STD),
,,DS-3E1309P-EI,
,,DS-3E1310P-EI,
301802015.0,,DS-3E1310P-SI,
,,DS-3E1318P-EI,
,,DS-3E1318P-EI/M(O-STD),
,,DS-3E1326P-EI,
,,DS-3E1326P-EI/M(O-STD),
,,DS-3E1505P-EI/M,
,,DS-3E1506P-EI/M,
,,DS-3E1510P-EI,
,,DS-3E1510P-SI,
,,DS-3E1518P-EI/M,
301802030.0,,DS-3E1518P-SI,
,,DS-3E1526P-SI,
301802312.0,,DS-3E2510P(B),
301802313.0,,DS-3E2528P(B),
,,DS-3E3728F-H,
,,DS-3T0506HP-E/HS,
301801604.0,,DS-3T0510HP-E/HS,
,,DS-3WAP521-SI,
,,DS-3WAP522-SI,
,,DS-3WAP621E-SI,
,,DS-3WAP622E-SI,
,,DS-3WAP622E-SI,
,,DS-3WAP622G-SI,
,,DS-3WAP623E-SI,
,,DS-3WF01C-2N,
,,DS-3WF02C-5AC/O,
,,DS-3WF02C-5N/O,
,,DS-3WF1000-EI-2N(O-STD),
,,DS-3WG105G-SI,
,,DS-3WG210GP-SI,
,,DS-3WG507G-SI,
,,DS-3WR15X,
313700032.0,,DS-65VA300L,
,,DS-6908UDI(C),
303500921.0,,DS-6916UDI(B)(STD),
,,DS-7102NI-S1/W,
300225510.0,,DS-7104HGHI-K1,
300227172.0,,DS-7104HQHI-K1(STD)(C)(S)/RUS,
300224913.0,,DS-7104HUHI-K1(STD)(S),
303613783.0,,DS-7104NI-Q1(STD)(C),
,,DS-7104NI-S1/W,
300225513.0,,DS-7108HGHI-K1,
300226918.0,,DS-7108HQHI-K1(STD)(C)(S),
303613785.0,,DS-7108NI-Q1(STD)(C),
,,DS-7108NI-Q1(STD)(D),
303613785.0,,DS-7108NI-Q1/8P,
300226914.0,,DS-7116HGHI-K1(STD)(C)(S),
303613785.0,,DS-7116NI-Q1/M,
303613462.0,,DS-7604NI-K1(STD)(C),
303613392.0,,DS-7604NI-Q1(STD)(C),
,,DS-7604NXI-K1,
303613466.0,,DS-7608NI-K1(STD)(C),
303613396.0,,DS-7608NI-Q1(STD)(C),
303613384.0,,DS-7608NI-Q2,
303613590.0,,DS-7608NXI-I2/S(STD)(C),
,,DS-7608NXI-K1,
,,DS-7608NXI-K2,
303613470.0,,DS-7616NI-K1(STD)(C),
303603692.0,,DS-7616NI-K2(STD),
303613400.0,,DS-7616NI-Q1(STD)(C),
303613388.0,,DS-7616NI-Q2(STD)(C),
303613591.0,,DS-7616NXI-I2/S(STD)(C),
,,DS-7616NXI-K1,
,,DS-7616NXI-K2,
303603694.0,,DS-7632NI-K2(STD),
,,DS-7632NXI-K2,
303607718.0,,DS-7716NI-I4(B)(STD),
,,DS-7716NI-M4,
303609054.0,,DS-7716NI-Q4(STD),
303613591.0,,DS-7716NXI-K4,
303607722.0,,DS-7732NI-I4(B)(STD),
303603706.0,,DS-7732NI-K4(STD),
303611984.0,,DS-7732NXI-I4/S(STD),
,,DS-7732NXI-K4(D),
,,DS-7764NI-K4,
,,DS-7764NI-M4,
,,DS-8632NI-I8,
,,DS-8632NXI-K8,
303604447.0,,DS-96128NI-I16(STD),
,,DS-96256NI-I24,
,,DS-96256NXI-S24R(STD),
,,DS-9632NI-M16,
,,DS-9632NI-M8,
,,DS-9664NI-M16,
,,DS-9664NI-M8,
,,DS-A71024R,
,,DS-A81016S/160,
,,DS-A81016S/160,
,,DS-AT1000S/480,
302504475.0,,DS-D2055LU-Y(O-STD),
,,DS-D2055UL-0A,
,,DS-D5022F2-1V2,
317500077.0,,DS-D5022FN10,
,,DS-D5024F2-BP2,
,,DS-D5024FN11,
,,DS-D5027F2-2P2,
,,DS-D5032F3-1V0S,
302501817.0,,DS-D5032FC-A,
,,DS-D5043F3-1V0S,
,,DS-D5043QE,
,,DS-D5043U3-1V0S,
,,DS-D5043U3-1V0S,
,,DS-D5043UC,
,,DS-D5055UC-C,
321200048.0,,DS-D5ABKY2-B,
321200162.0,,DS-D5AC9C5-8S2,
321000275.0,,DS-D5B86RB/D,
190140078.0,,DS-DN4655W/U,
,,DS-K1201AEF,
302903714.0,,DS-K1201EF(O-STD),
302901502.0,,DS-K1802E(O-STD),
,,DS-K1802M,
,,DS-K1802MK,
,,DS-K1T323MBWX-QRE1(O-STD),
302912491.0,,DS-K1T331(O-STD),
302912468.0,,DS-K1T331W(O-STD),
302915629.0,,DS-K1T341AM(O-STD),
302915633.0,,DS-K1T341AMF(O-STD),
,,DS-K1T341CM,
302919042.0,,DS-K1T341CMF,
,,DS-K1T342EFWX,
302918455.0,,DS-K1T342EX(O-STD),
,,DS-K1T342MFX,
,,DS-K1T342MX,
,,DS-K1T343EFWX,
302918009.0,,DS-K1T343EWX(O-STD),
,,DS-K1T343MFWX,
302918001.0,,DS-K1T343MWX,
,,DS-K1T343MX,
,,DS-K1T344MBWX-QRE1,
,,DS-K1T344MX-E1,
,,DS-K1T502DBWX-C,
,,DS-K1T502DBWX-CQR(STD),
,,DS-K1T510MBWX-QRE1(O-STD),
,,DS-K1T670MX-QR(O-STD),
302912706.0,,DS-K1T671M(O-STD),
302912707.0,,DS-K1T671MF(O-STD),
302912700.0,,DS-K1T671TMW,
302918281.0,,DS-K1T673DX,
302918273.0,,DS-K1T673TDX,
302915286.0,,DS-K1T804AEF,
,,DS-K1T804BEF,
302918016.0,,DS-K1T804BMF(O-STD),
302903589.0,,DS-K1T804EF(O-STD),
,,DS-K1T805EX,
,,DS-K1T805MX,
,,DS-K1T809MWX(O-STD),
302917212.0,,DS-K1TA70MI-T(O-STD),
,,DS-K2210,
,,DS-K2601Tmain board(O-STD),
,,DS-K2602Tmain board(O-STD),
,,DS-K2604T main board(O-STD),
302913800.0,,DS-K2604T,
,,DS-K2M0016A,
,,DS-K3B220LX-L Турникет Стеклянный Бюджетный левая сторона,
,,DS-K3B220LX-M Турникет Стеклянный Бюджетный середина,
,,DS-K3B220LX-R Турникет Стеклянный Бюджетный правая сторона,
,,DS-K3B411BX-Dp110/2,
,,DS-K3B411BX-Dp65/2,
,,DS-K3B501SX-L/M Турникет Стеклянный Левая сторона,
,,DS-K3B501SX-M/M Турникет Стеклянный Середина,
,,DS-K3B501SX-R/M Турникет Стеклянный Правая сторона,
,,DS-K3B631TX-L/M Турникет Стеклянный со встроенным терминалом Левая сторона,
,,DS-K3B631TX-M/M Турникет Стеклянный со встроенным терминалом Середина,
,,DS-K3B631TX-R/M Турникет Стеклянный со встроенным терминалом Правая сторона,
,,DS-K3B801BX-L/M Турникет Стеклянный Премиум левая сторона,
,,DS-K3B801BX-M/M Турникет Стеклянный Премиум середина,
,,DS-K3B801BX-R/M Турникет Стеклянный Премиум правая сторона,
,,DS-K6B411TMX L Турникет Стеклянный Левая сторона,
,,DS-K6B411TMX M Турникет Стеклянный Середина,
,,DS-K6B411TMX R Турникет Стеклянный Правая сторона,
,,DS-K3G200LX-R Турникет-Трипод (гриб),
,,DS-K3G301X-R/E,
,,DS-K3G501BLX-R/Pg-Dm55(O-STD),
,,DS-K3G501SX-R/E Турникет-Трипод портал Премиум,
,,DS-K3G501X-R/M,
,,DS-K3H4410-120,
,,DS-K4DC104,
,,DS-K4H250D,
,,DS-K4H250-LZ,
,,DS-K4H250S,
,,DS-K4H258S,
,,DS-K4H258-U,
302913782.0,,DS-K5671-ZU,
302912710.0,,DS-K5671-ZV(O-STD),
,,DS-K7M102-M,
,,DS-K7P01,
,,DS-K7P02,
302908146.0,,DS-K7P03,
,,DS-K7P06,
,,DS-KAB6-ZU1,
305700588.0,,DS-KABV8113-RS(O-STD)/Flush,
,,DS-KB2412T-IM,
305302796.0,,DS-KB8113-IME1(B),
,,DS-KD8023-E6,
305301995.0,,DS-KD9203-E6(O-STD),
305302004.0,,DS-KD9203-FE6(O-STD),
,,DS-KD9633-E6,
,,DS-KH2230T,
,,DS-KH6000-E1,
,,DS-KH6000-E1 White,
,,DS-KH6100-E1,
,,DS-KH6100-E1 White,
,,DS-KH6110-WE1,
,,DS-KH6110-WE1 WHITE,
,,DS-KH6320-LE1(B),
305301408.0,,DS-KH6320-TE1(O-STD),
305301409.0,,DS-KH6320-WTE1(O-STD),
,,DS-KH6350-TE1,
305303208.0,,DS-KH6350-WTE1,
,,DS-KH6352-WTDE6,
305301412.0,,DS-KH8350-TE1(O-STD),
305301214.0,,DS-KH8350-WTE1(O-STD),
,,DS-KH8381-WTE1(O-STD),
305301406.0,,DS-KH8520-WTE1(O-STD),
,,DS-KH9310-WTE1(B),
305301984.0,,DS-KH9510-WTE1(O-STD),
305302862.0,,DS-KIS202T(O-STD),
305302862.0,,DS-KIS202T(O-STD),
305302866.0,,DS-KIS203T(O-STD),
305302868.0,,DS-KIS204T(O-STD),
305301335.0,,DS-KIS205T(GREY),
,,DS-KIS212,
,,DS-KIS302-P,
,,DS-KIS303-P,
,,DS-KIS312-P,
,,DS-KIS313-P,
305301588.0,,DS-KIS602(B),
305302411.0,,DS-KIS603-P(B)(O-STD),
,,DS-KIS605-P(C),
305302837.0,,DS-KIS606-P 4 дюйм,
305302837.0,,DS-KIS606-P(B) 10 дюйм,
,,DS-KIS608-P,
,,DS-KIS902-S,
305302400.0,,DS-KM9503,
305302338.0,,DS-KV6103-PE1(B)(O-STD),
305303442.0,,DS-KV6113-PE1(C)(O-STD),
,,DS-KV6133-ME1,
,,DS-KV6133-WME1,
,,DS-KV9503-WBE1,
,,DS-PD1-MC-MS,
314300129.0,,DS-PDBG8-EG2-WB датчик разбития стекла,
,,DS-PDB-IN-WALLBRACKET,
314300189.0,,DS-PDC10AM-EG2-WB(Штора+лазер),
314300187.0,,DS-PDC10DM-EG2-WB Штора+СВЧ,
314300048.0,,DS-PDC15-EG2-WB(Датчик движения),
314300160.0,,DS-PDCL12-EG2-WB(Датчик движения 360°),
314300105.0,,DS-PDD12P-EG2-WB (Движение+СВЧ),
314300098.0,,DS-PDEB1-EG2-WB(Тревожная кнопка),
314300101.0,,DS-PDEBP1-EG2-WB(Тревожная кнопка маленькая),
314300103.0,,DS-PDMC-EG2-WB(СМК),
314300131.0,,DS-PDMCK-EG2-WB(СМК+СВЧ),
314300104.0,,DS-PDMCS-EG2-WB(СМК маленький),
314300152.0,,DS-PDMCX-E-WB(СМК большой),
314300100.0,,DS-PDP15P-EG2-WB (Движение+СВЧ),
,,DS-PDP18-EG2,
314300093.0,,DS-PDPC12P-EG2-WB(Движение камеры),
314300136.0,,DS-PDPC12PF-EG2-WB(Движение камеры COLOR VU),
314300132.0,,DS-PDPG12P-EG2-WB(Движение+Разбитие),
314300176.0,,DS-PDSMK-S-WB(Дымовой датчик),
314300163.0,,DS-PDTPH-E-WB(Градус+влажность),
314300114.0,,DS-PDWL-E-WB(Датчик воды),
302401705.0,,DS-PK1-E-WB (Пульт управления),
302402028.0,,DS-PK1-LT-WB(Пульт управления с экраном),
302401700.0,,DS-PKF1-WB(Пульт),
,,DS-PK-LRT,
302401749.0,,DS-PR1-WB(Репитер),
302401727.0,,DS-PS1-E-WB(СУЗ сигнализация),
302401724.0,,DS-PT1-WB(Считыватель карт),
314500018.0,,DS-PT-M1(Брелок),
302401729.0,,DS-PWA64-Kit-WB,
302401703.0,,DS-PWA64-L-WB(HUB-64),
302401775.0,,DS-PWA96-Kit-WB(HUB-96 Комплект),
302401704.0,,DS-PWA96-M-WB(HUB-96),
,,DS-TCG405-E,
,,DS-TCG406-E,
,,DS-TMG001-5(6m telescopic pole),
,,DS-TMG001-7,
,,DS-TMG012-5,
,,DS-TMG022,
,,DS-TMG023,
315100307.0,,DS-TMG034,
,,DS-TMG035,
,,DS-TMG300-DL DR Шлагбаум (3 серия),
315100517.0,,DS-TMG4B0-LA(6m)(O-STD) Шлагбаум (4 серия),
,,DS-TPE002,
,,DS-TPE304-S,
,,DS-TVL224-4-5Y,
,,DS-UPS03K72-R/TJS,
,,DS-UPS1000,
,,DS-UPS2000,
,,DS-UPS3000,
,,DS-UPS600,
,,DS-XS06-P,
,,DS-XS10-P,
,,HK-SFP-1.25G-20-1310-DF,
,,IDS-2CD7026G0-AP C,
311320165.0,,"iDS-2CD7146G0-IZS 2,8-12mm",
,,IDS-2CD7A26G0/P-IZHS 2.8-12MM,
311317294.0,,iDS-2CD7A26G0/P-IZHS(8-32mm)(C)(O-STD),
,,IDS-2CD7A26G0-IZHSY 2.8-12MM,
,,IDS-2CD7A46G0/P-IZHS 8-32MM C,
,,IDS-2CD7A46G0/P-IZHSY 2.8-12MM,
,,IDS-2CD7A46G0-IZHS 2.8-12MM C,
,,iDS-2CD7A46G2/V-XZHSY(2.8-12mm)(O-STD),
300226811.0,,IDS-7108HQHI-M1/S,
300227875.0,,iDS-7116HQHI-M1/S,
300226811.0,,iDS-7208HQHI-M1/S,
,,L1300-R117,
,,MKAC-76-242500V,
,,NKS422W02H,
,,NKS422W03H,
,,NKS422W0H,
,,NKS424W02H,
,,NKS424W03H,
,,NKS424W0H,
